EmployeeID,Name,HireDate,Salary,Location,Department,Position
1001,Natalie Yang,2024-02-10,82634,Port James,Marketing,SEO Specialist
1002,David Schroeder,2021-12-02,79964,Elizabethton,Support,Customer Service Rep
1003,Anthony Allen,2016-01-16,86933,West Anthonybury,Design,Graphic Designer
1004,Brittany Olsen,2017-10-17,96789,Hicksmouth,IT,System Admin
1005,Brian Oliver,2024-05-06,117161,Jonesburgh,Support,Customer Service Rep
1006,Robert Davis,2020-01-09,61115,Greeneland,Operations,Operations Manager
1007,Susan Thompson,2024-06-15,90522,Jillfort,Finance,Financial Analyst
1008,Ryan Stephenson,2023-11-21,119808,Lake Emily,Legal,Compliance Officer
1009,Walter Rodgers,2025-01-28,94125,South Veronicachester,HR,Recruiter
1010,Jennifer Brown,2017-01-29,109540,Lake Jenniferchester,Design,UX Designer
1011,Janice Best,2019-12-11,84668,Julietown,HR,HR Specialist
1012,Susan Allen,2017-04-05,114095,Port Karenburgh,IT,Network Engineer
1013,Greg Carroll,2019-07-12,106339,West Shannonhaven,Sales,Sales Manager
1014,Cameron Bruce,2019-02-17,82045,Lake Davidstad,Marketing,Content Creator
1015,Tyrone Martinez,2015-08-14,69983,Lake Katherineville,Design,UX Designer
1016,Charles Bryant,2015-11-03,112715,Lake Denise,Operations,Project Coordinator
1017,David Hall,2017-03-20,95057,Grahamstad,Legal,Legal Advisor
1018,Christina Williams,2019-12-24,60076,Ruthchester,Legal,Legal Advisor
1019,Jacob Huff,2015-09-03,89263,East Kyle,Finance,Financial Analyst
1020,Joseph Edwards,2018-11-04,79580,Rodriguezview,Legal,Compliance Officer
1021,Anthony Pope,2021-07-05,65758,Montoyahaven,Operations,Operations Manager
1022,Amy Simmons,2019-11-02,66577,East Ashley,Engineering,DevOps Engineer
1023,Nicholas Cruz,2024-12-17,78613,South Jonathan,Support,Customer Service Rep
1024,James Harrison,2020-07-13,84454,New Michaelbury,Design,Graphic Designer
1025,Kenneth Williams,2016-12-05,55484,North Thomasstad,Legal,Compliance Officer
1026,Arthur Phelps,2018-11-27,53303,Kleinstad,Sales,Sales Executive
1027,Michael Ellis,2017-07-07,75151,Joanhaven,Sales,Sales Executive
1028,Lisa Howard,2015-08-18,52967,Ellisonville,Marketing,Marketing Manager
1029,Shelly George,2017-09-08,65182,West Davidview,Design,UX Designer
1030,Ryan Fuller,2022-03-20,80307,East Nathantown,Support,Support Analyst
1031,Ryan Hughes,2020-10-08,77768,Leeport,Legal,Compliance Officer
1032,Benjamin Martin,2017-05-23,64098,Lake Marissa,Legal,Compliance Officer
1033,Daniel Pearson,2019-06-24,71200,East Toddborough,Engineering,QA Engineer
1034,Brian Ferrell,2019-10-13,65975,South Richardstad,Operations,Project Coordinator
1035,Priscilla Carey,2016-09-14,51973,South Lindaport,HR,HR Specialist
1036,Susan Williams,2020-08-24,75646,Brandonburgh,Legal,Compliance Officer
1037,Heather Pope,2024-08-22,107935,Rebekahmouth,Marketing,Content Creator
1038,Judy Wagner,2016-02-04,114740,Lake John,HR,Recruiter
1039,Carlos Reese,2024-07-11,74210,Port Kelsey,Marketing,SEO Specialist
1040,Robert Little,2025-02-27,77139,Stevensmouth,Engineering,Technical Lead
1041,Nicholas Trevino,2016-06-01,54124,Lake Ellen,Support,Customer Service Rep
1042,Victor York,2025-03-11,108410,New Kevin,Operations,Project Coordinator
1043,Rebekah Moody,2017-09-22,99790,Danielville,IT,Network Engineer
1044,David Sanchez,2023-09-03,96260,Espinozaburgh,Engineering,Software Engineer
1045,Cynthia Smith,2023-08-29,74105,Port Christopher,Sales,Sales Manager
1046,Christine Joseph,2020-09-25,99451,North Gregport,Marketing,Content Creator
1047,Michelle Rodgers,2018-07-10,86607,Port Heathermouth,Operations,Project Coordinator
1048,Kyle Johnson,2020-10-08,57841,New Tiffanyborough,HR,HR Specialist
1049,Amber Freeman,2019-11-29,97172,Jasonview,IT,Network Engineer
1050,Kathleen Alexander,2018-03-27,66520,South Carolyn,Legal,Legal Advisor
1051,Rachel Miller,2019-06-21,74828,Randallfort,Finance,Accountant
1052,Renee Davis,2019-11-29,54576,Wilsonborough,Marketing,Marketing Manager
1053,Dan Nguyen,2019-04-14,72366,New Devinton,Support,Support Analyst
1054,Paul Tanner,2017-10-06,107420,South Royburgh,Finance,Accountant
1055,Thomas Gardner,2018-11-20,51720,Blakeberg,Finance,Accountant
1056,Brandon Cox,2024-09-14,111283,Karenton,HR,Recruiter
1057,Vanessa Perez,2024-03-05,58536,North Sonyaview,Finance,Financial Analyst
1058,Stephen Stanley,2021-05-02,76762,Christianberg,Engineering,QA Engineer
1059,Andrew Swanson,2022-06-09,97046,East Brendaview,Sales,Sales Manager
1060,Arthur Allen,2018-02-10,76165,New Elijahbury,Legal,Compliance Officer
1061,Amber Lopez,2018-12-09,69326,Jennifershire,Marketing,SEO Specialist
1062,Adam Dunn,2020-05-30,99187,North Lisa,Support,Support Analyst
1063,Wayne Walters,2019-10-24,68970,North Joshuachester,Marketing,Marketing Manager
1064,Wesley Barron,2018-02-03,99595,New Rubenside,Operations,Project Coordinator
1065,Terri Henson,2015-09-27,78920,Hallland,Sales,Sales Manager
1066,Laurie Spence,2018-04-13,67217,Phillipsbury,Marketing,Marketing Manager
1067,Michael Collins,2017-04-24,84134,South Anitamouth,Support,Support Analyst
1068,Michelle Jones,2019-03-01,104818,Rachelhaven,Design,Graphic Designer
1069,David Fischer,2020-10-07,88777,North Victoria,Marketing,SEO Specialist
1070,Bryan Cochran,2016-02-01,118578,West Timothy,Marketing,Content Creator
1071,Chelsea Marsh,2022-10-26,79809,Hillbury,Finance,Financial Analyst
1072,Mr. Andrew Rios,2024-12-23,59783,Rogerland,HR,HR Specialist
1073,Kathy Coleman,2022-04-16,78098,West Crystal,HR,Recruiter
1074,Bryan Johnson,2024-07-13,101348,Rojasbury,Operations,Project Coordinator
1075,Ashley Hamilton,2017-11-08,110584,Lake Mary,Operations,Project Coordinator
1076,Mindy Spencer,2016-06-07,99548,North Emmaview,Finance,Accountant
1077,Gabriel Martin,2024-04-06,70496,West Williambury,Operations,Operations Manager
1078,John Dean,2016-11-12,91289,South Christina,Legal,Legal Advisor
1079,Stephen Levine,2018-09-29,100452,Pamelabury,Design,UX Designer
1080,Jacob Jordan,2019-08-02,102947,Kramerhaven,Support,Customer Service Rep
1081,Scott Marshall,2016-12-19,73065,Marcusstad,Operations,Project Coordinator
1082,Caroline Smith,2018-09-13,109698,Bennettbury,Design,Graphic Designer
1083,Ashley Lawrence,2021-01-09,74984,Maryborough,Sales,Sales Executive
1084,James Mendez,2021-06-28,54747,New Abigail,Operations,Operations Manager
1085,April Brown,2017-01-14,94553,South Dennis,Legal,Legal Advisor
1086,Thomas Coleman,2017-05-16,69166,East Johnport,IT,Network Engineer
1087,Ethan Robles,2020-08-09,106257,East Lori,Legal,Legal Advisor
1088,Alicia White,2020-04-23,78364,Sandrabury,Support,Customer Service Rep
1089,Jacqueline Leonard,2022-10-11,112322,North Meganside,Operations,Operations Manager
1090,Bonnie Webb,2020-04-16,63940,Lake Josephport,Sales,Sales Executive
1091,Joanne Johnson,2025-02-24,98894,Laurenview,Support,Support Analyst
1092,Mr. Steven Hanson MD,2020-03-14,59486,Danielbury,Support,Customer Service Rep
1093,George Turner,2020-05-07,86287,South Priscillahaven,Support,Customer Service Rep
1094,Lawrence Holt,2019-05-01,93830,West Jason,Legal,Legal Advisor
1095,Katie Hale,2023-04-22,95306,Port Josephmouth,Design,Graphic Designer
1096,Katherine Lopez,2017-10-22,57902,Port Ryan,Legal,Compliance Officer
1097,Jose Bryan,2018-02-15,100284,Ramirezborough,Support,Support Analyst
1098,Adam Smith,2022-11-07,111160,Alexanderville,IT,System Admin
1099,Kimberly Armstrong,2018-11-25,110660,East Allisonchester,Finance,Accountant
1100,Sarah Fox,2015-08-11,94907,Heatherburgh,Engineering,Technical Lead
1101,James Brown,2021-09-17,92569,Gonzalezberg,Design,Graphic Designer
1102,Phillip Poole,2017-10-18,82599,Erikside,Design,Graphic Designer
1103,Jesus Merritt,2017-07-24,59316,Porterberg,Support,Customer Service Rep
1104,Daniel Anderson,2017-01-29,109920,Changshire,HR,HR Specialist
1105,James Wolfe,2016-06-02,51296,North Michael,Marketing,Marketing Manager
1106,Rebecca Ortiz MD,2018-05-27,117534,Holdenberg,Marketing,Marketing Manager
1107,Nichole Johnson,2016-10-09,114895,East Marissa,Sales,Sales Executive
1108,Keith Drake,2020-11-09,89499,Jonesville,Operations,Project Coordinator
1109,Leah Castro,2021-12-14,94529,West Susan,Finance,Accountant
1110,James Allen,2018-12-06,113193,Lake Nicholashaven,Support,Support Analyst
1111,Ashlee Smith,2017-01-20,73735,New Alexandraland,Design,Graphic Designer
1112,Beth Jones,2020-08-21,96615,Lake Vicki,Marketing,SEO Specialist
1113,Matthew Ross,2024-05-01,65327,Lake Julietown,Engineering,Technical Lead
1114,Rachel Mcconnell,2015-07-09,61360,Tamaraton,Sales,Sales Manager
1115,Lisa Malone,2017-07-25,60160,Brownhaven,Finance,Accountant
1116,Amber Bennett,2023-08-10,79716,Rodriguezchester,Finance,Accountant
1117,Ashley Taylor,2023-10-16,52221,West Collinberg,Design,UX Designer
1118,Justin Nolan,2017-06-06,79067,North Paulfurt,IT,System Admin
1119,Adam Black,2022-11-01,103308,Mitchellhaven,Engineering,Technical Lead
1120,Robert Hoffman,2023-02-28,61148,Dianashire,IT,Network Engineer
1121,Joseph Watkins,2023-01-02,82751,Jamesfurt,HR,HR Specialist
1122,Elaine Strickland,2023-08-28,77824,Seanside,Engineering,Software Engineer
1123,Jeffrey Holland,2017-07-16,65616,West Johnbury,IT,Network Engineer
1124,Sandra Patrick,2023-02-03,64010,Gonzalezton,Marketing,Marketing Manager
1125,Kelsey Murray,2015-08-15,60219,Port James,Legal,Legal Advisor
1126,Gregory Salazar,2020-06-03,113933,East Timothy,Engineering,DevOps Engineer
1127,Kenneth Calhoun,2019-09-19,101604,Greenview,IT,System Admin
1128,Roberto Weeks,2025-02-01,62859,Smithhaven,Design,UX Designer
1129,Patricia Mckinney,2020-11-14,58526,South Amberview,Sales,Sales Executive
1130,Linda Lutz,2024-07-29,106158,Sarahfurt,Legal,Legal Advisor
1131,Stanley Chambers,2018-05-04,105377,Bernardview,HR,Recruiter
1132,Ray Walter,2018-02-07,96082,Donaldborough,Finance,Financial Analyst
1133,Tanya Soto,2018-03-09,105673,Keybury,Support,Customer Service Rep
1134,Jennifer Harper,2021-03-22,79301,East Johnshire,IT,Network Engineer
1135,Craig Hanson,2025-02-06,107967,Lloydtown,Legal,Compliance Officer
1136,Alexandra Moody,2025-01-29,64945,Andrewsmouth,Sales,Sales Executive
1137,Heather Roberts,2021-06-28,65832,Gillfurt,IT,System Admin
1138,Joseph Richards,2021-07-31,79123,East Deniseshire,Finance,Financial Analyst
1139,Michael Klein,2018-09-09,57403,Carterport,IT,System Admin
1140,Susan Davis,2017-09-16,67213,Port Ryanland,Operations,Project Coordinator
1141,Edward Moore,2016-10-11,89395,North Antonio,Sales,Sales Manager
1142,Laura Brown,2023-06-14,117112,North John,Sales,Sales Executive
1143,Jody Beck,2024-07-17,107053,Martinezport,Operations,Operations Manager
1144,Lucas Thompson,2018-12-19,97272,Hopkinsland,Design,UX Designer
1145,Holly Mahoney,2016-04-02,77385,Lake Todd,HR,HR Specialist
1146,Joseph Hunt,2023-08-19,76915,Port Joshuabury,IT,Network Engineer
1147,Nancy Ward,2019-12-15,81906,North Belindashire,Finance,Accountant
1148,Michael Potter,2021-12-16,68060,East Brandy,HR,HR Specialist
1149,Jacob Greene,2016-11-24,55706,Christinebury,Operations,Project Coordinator
1150,Daniel Vasquez,2016-12-17,84947,New Wanda,HR,Recruiter
1151,Kimberly Rodriguez,2021-01-20,92124,Austinhaven,Engineering,DevOps Engineer
1152,Paula Wells MD,2018-08-19,79132,Port Brittney,Design,Graphic Designer
1153,Latoya Williams,2024-06-28,61371,West Alyssatown,Design,Graphic Designer
1154,Brian Hawkins,2024-08-03,109707,Lopezstad,Engineering,DevOps Engineer
1155,Darren Sanchez,2019-05-26,103919,Nguyenstad,Sales,Sales Manager
1156,John Harris,2018-06-10,112935,Port Francesfurt,Marketing,SEO Specialist
1157,Craig Lopez,2016-11-11,87970,Alanfort,Support,Customer Service Rep
1158,Billy Ellison,2019-09-01,90953,Port Jacob,Engineering,Technical Lead
1159,Jeremy Black,2023-07-11,119738,Rickyland,IT,Network Engineer
1160,Shelly Leonard,2024-10-05,91248,Clarkeborough,Operations,Project Coordinator
1161,Christopher Hutchinson,2016-12-04,55801,Ebonychester,HR,Recruiter
1162,Brenda Sims,2015-07-06,114553,Alyssaton,Support,Customer Service Rep
1163,Matthew Brady,2022-08-24,119555,South Wesleyfurt,Sales,Sales Executive
1164,Kimberly Campbell,2022-07-02,86627,Millerville,Legal,Compliance Officer
1165,Sarah Fisher,2020-12-01,51374,Lake Richard,IT,Network Engineer
1166,Alexander Lee,2019-01-13,89528,Michellehaven,Sales,Sales Manager
1167,Stephanie Clark,2018-08-19,110840,East Sharonbury,Finance,Accountant
1168,Kathleen Mcguire,2022-10-24,97320,Hendersonhaven,Finance,Accountant
1169,Matthew Lucero,2021-04-13,111642,West Larrychester,Support,Customer Service Rep
1170,Denise Nelson,2024-12-28,61439,Kyletown,IT,Network Engineer
1171,Randy Lee,2023-07-29,115839,Port Douglas,Legal,Legal Advisor
1172,Vincent Greene,2018-06-30,118353,Burnsfort,Support,Customer Service Rep
1173,Robert Morales,2018-01-10,61791,Lake Benjaminchester,Engineering,DevOps Engineer
1174,Bruce Cunningham,2024-08-04,64642,Bryantbury,Sales,Sales Manager
1175,Robert Glenn,2017-10-31,59908,Port Susanview,HR,Recruiter
1176,Cassandra Chavez,2022-08-13,93390,Jeremiahport,Support,Customer Service Rep
1177,Michael Edwards,2015-10-16,102035,South Stevenhaven,IT,System Admin
1178,Tammie Wood,2016-08-09,108064,Mooreborough,Marketing,Content Creator
1179,Jennifer Martinez,2017-04-11,89284,Stephenland,Sales,Sales Manager
1180,James Arellano,2022-09-18,95374,Harringtonside,Finance,Accountant
1181,Justin Watkins,2022-10-15,108816,Blairport,IT,System Admin
1182,Michael Mitchell,2021-07-16,73589,Davidtown,Marketing,Content Creator
1183,Philip Clark,2020-06-12,58243,East Erica,Support,Support Analyst
1184,Katie Gray,2020-05-11,86366,Rodriguezfurt,Design,Graphic Designer
1185,Carlos Rodriguez,2015-11-08,114928,South Robert,Sales,Sales Executive
1186,Christopher Meyer,2021-12-24,52744,West Steven,Design,UX Designer
1187,Stephen Pearson,2020-04-16,54027,Grahamtown,Sales,Sales Executive
1188,Terri Morrison,2024-10-27,78515,Careyside,IT,Network Engineer
1189,Rickey Aguilar,2018-10-05,104707,Turnerbury,Legal,Legal Advisor
1190,Janet Fox,2017-07-06,73020,Port Lauriefurt,HR,HR Specialist
1191,Cynthia George,2019-07-02,90949,North Cathybury,Sales,Sales Executive
1192,Kevin Johnson,2018-03-16,75529,Colonborough,Sales,Sales Executive
1193,Alison Smith,2017-07-26,84651,Jamesland,Design,UX Designer
1194,Valerie Smith,2017-02-13,91815,New Courtney,Finance,Accountant
1195,Pamela Moore,2020-11-07,90056,West Benjamin,Operations,Operations Manager
1196,Ryan Brown,2016-06-21,109914,Gutierrezburgh,Finance,Accountant
1197,Kristen Gordon,2016-02-23,63384,Port Brad,Sales,Sales Executive
1198,Katie Peterson,2019-03-23,92543,Combshaven,Marketing,Content Creator
1199,Timothy Wolfe,2017-08-03,68633,Port Matthewport,Engineering,Technical Lead
1200,Joanna Malone,2024-09-06,102580,Port Georgeville,Support,Customer Service Rep
1201,Kathleen Lawrence,2016-11-01,62253,West Timothy,Engineering,Technical Lead
1202,Matthew Trujillo,2019-12-26,70473,Jessicamouth,Finance,Accountant
1203,Debra Calderon,2018-10-19,68683,Parksside,Design,Graphic Designer
1204,Jaime Garcia,2015-09-20,51460,Ramosland,Engineering,DevOps Engineer
1205,Carol Hunt,2018-06-18,92276,Hillstad,Sales,Sales Manager
1206,Scott Wiley,2024-03-14,108174,Hannahfurt,Legal,Legal Advisor
1207,Natalie Mcfarland,2024-03-15,70715,Lake Jasonview,Operations,Operations Manager
1208,Michelle Robbins,2020-08-12,80140,Carterfurt,IT,Network Engineer
1209,Jonathan Green,2019-10-17,77927,Lisahaven,Operations,Project Coordinator
1210,Jared Powers,2020-02-02,61745,North Tanya,HR,HR Specialist
1211,Shane Wall,2016-09-19,117341,Lanechester,HR,Recruiter
1212,Shannon Smith,2015-04-23,84292,East Melissa,Marketing,SEO Specialist
1213,Phillip Stone,2016-12-20,90107,Westburgh,Design,Graphic Designer
1214,Alex Turner,2022-07-23,61174,Lake William,Marketing,Content Creator
1215,Jordan Garcia,2015-06-26,116463,East Richard,Engineering,DevOps Engineer
1216,Jillian Turner,2021-08-22,65836,Jaredton,Support,Support Analyst
1217,Heather Cline,2017-08-30,104292,Port Robertfurt,Design,Graphic Designer
1218,Jordan Wall,2016-06-20,58975,East Melissa,Sales,Sales Executive
1219,Stacy Harrison,2020-06-13,56398,South Brittany,Finance,Financial Analyst
1220,Scott Johnson,2024-01-31,63073,Lake Jeromeborough,Support,Support Analyst
1221,Kevin Martin,2016-02-06,94850,Port Pamela,Sales,Sales Manager
1222,Elizabeth Caldwell,2024-05-23,92796,Mistyside,Finance,Financial Analyst
1223,Alexander Moore,2022-12-21,91630,Cunninghamside,Legal,Legal Advisor
1224,Denise Wolfe,2020-09-27,92113,Brownland,HR,Recruiter
1225,David Williams,2018-12-13,105143,New Deborah,HR,HR Specialist
1226,Nancy Harper,2022-03-18,69023,Burkeport,Sales,Sales Executive
1227,Kevin Jones,2016-01-24,93946,New Lindsey,Legal,Compliance Officer
1228,Jared Smith,2016-12-13,114336,Port Tammy,Sales,Sales Executive
1229,Steven Nunez,2016-06-05,100021,West Henryshire,Design,UX Designer
1230,Whitney Morales,2022-03-12,119181,Anaburgh,Operations,Operations Manager
1231,Patricia Boyle,2021-03-04,55812,West David,IT,Network Engineer
1232,Joseph Morrow,2017-05-10,65592,Patrickland,Marketing,Marketing Manager
1233,Matthew Taylor,2017-05-19,107084,Robinsonburgh,Marketing,Content Creator
1234,Thomas Johns,2017-08-09,98691,East Nancyland,Design,UX Designer
1235,James Miller,2017-11-15,61858,East Tyler,Operations,Project Coordinator
1236,Jason Burch,2015-07-14,113889,Port David,Finance,Financial Analyst
1237,Melissa Boyer,2017-05-01,70164,West Phillipfort,Sales,Sales Manager
1238,Valerie Miller,2023-10-29,110194,Sharonside,Support,Support Analyst
1239,Justin Campbell,2016-02-22,99796,East Elaineberg,Legal,Legal Advisor
1240,Misty Brown,2015-12-04,68874,Henryshire,Design,Graphic Designer
1241,Christina Short,2019-12-27,86638,North Marc,Support,Support Analyst
1242,James Abbott,2023-02-13,68560,Lake Wesley,Legal,Legal Advisor
1243,James Young,2022-04-04,116325,Timothyfort,Operations,Operations Manager
1244,Catherine Peck,2024-09-25,108257,West Robinport,HR,HR Specialist
1245,Keith Avila,2023-01-14,97565,Jonathanborough,Finance,Accountant
1246,Charles Pena,2019-09-30,106662,Lake Trevor,HR,HR Specialist
1247,Emily Jones,2018-07-07,80885,Spencerburgh,Marketing,SEO Specialist
1248,Michelle Harper,2025-03-12,56120,Thomasmouth,Support,Support Analyst
1249,Keith Forbes,2021-05-11,82499,East Isabel,Operations,Operations Manager
1250,James Jackson,2016-03-06,101714,Millerview,Support,Support Analyst
1251,Marc Gardner,2016-01-11,114271,Moodyshire,Support,Customer Service Rep
1252,Matthew Juarez,2021-01-09,85578,Wardburgh,Support,Support Analyst
1253,Matthew Navarro,2025-03-19,77111,Hooverside,Engineering,QA Engineer
1254,Martha Ball,2024-01-26,100133,South Michael,Sales,Sales Manager
1255,Dr. Mackenzie Gonzales MD,2022-11-10,111583,New Sarahside,Operations,Project Coordinator
1256,Carolyn Smith,2024-11-30,113344,East Amyhaven,Legal,Compliance Officer
1257,William Christian,2019-06-12,88568,Lake Keithmouth,Legal,Legal Advisor
1258,Kevin Frazier,2020-01-02,100130,New Rebecca,IT,System Admin
1259,Matthew Sanders,2022-03-22,102179,Jonesburgh,Legal,Legal Advisor
1260,Harold Warner,2021-05-22,85020,New Markbury,Sales,Sales Manager
1261,Joseph Hahn,2016-07-15,89593,Port Karenton,HR,HR Specialist
1262,Zachary Mosley,2023-04-15,71153,Lake Gerald,Sales,Sales Executive
1263,Martha Vasquez,2021-01-09,108346,New Saramouth,Marketing,Content Creator
1264,John Howell,2021-11-01,113902,Jimenezshire,IT,Network Engineer
1265,James Kline,2018-02-04,73565,Leahview,Design,UX Designer
1266,Samuel Forbes,2015-06-01,105797,Sarahville,Support,Customer Service Rep
1267,Ashley House,2022-02-09,72409,Tylerville,Finance,Financial Analyst
1268,Douglas Walters,2017-05-23,114074,East Leslieton,Finance,Financial Analyst
1269,Tiffany Smith,2017-07-26,103480,Jasonchester,Engineering,Software Engineer
1270,Melvin Hernandez,2017-05-13,71931,East Devonside,Finance,Accountant
1271,Julie King,2022-01-29,109439,East Brenda,Operations,Project Coordinator
1272,Jeffrey Miller,2016-01-14,50625,Daltonstad,HR,Recruiter
1273,Yolanda Kidd,2016-05-12,80691,West Danielleport,HR,HR Specialist
1274,Sara Evans,2018-11-16,98783,Brettberg,Legal,Compliance Officer
1275,Dominique Pacheco,2025-02-10,53563,Anthonymouth,HR,HR Specialist
1276,Shannon Gregory,2022-09-08,76528,Jamiestad,Marketing,Marketing Manager
1277,Christine Brown,2025-01-11,71484,North Elizabeth,Operations,Operations Manager
1278,Jennifer Lane,2015-07-23,51760,North Alexa,Legal,Legal Advisor
1279,Jose Hammond,2023-12-28,102557,Alextown,HR,HR Specialist
1280,Jonathan Steele,2017-12-04,73471,North Daniel,Finance,Accountant
1281,Justin Howe,2019-01-06,75580,North Cheryl,Support,Customer Service Rep
1282,Dale Pena,2015-04-30,104328,Christopherland,Finance,Accountant
1283,Jennifer Hernandez,2021-10-16,85120,West Brendafurt,HR,Recruiter
1284,Wesley Greene,2016-08-12,101625,South Paulburgh,IT,Network Engineer
1285,Rebecca Cook,2018-12-27,58163,Port Suzanneport,Marketing,Marketing Manager
1286,Patrick Mendoza,2015-10-29,51627,West Natalieshire,Marketing,Content Creator
1287,Rachael Lindsey,2020-03-07,84428,New Breanna,Marketing,Content Creator
1288,Joshua Flores,2016-08-18,52570,Amberchester,Engineering,DevOps Engineer
1289,Jacob Douglas,2020-02-05,91431,Davidland,Engineering,DevOps Engineer
1290,Justin Jones,2020-12-22,104328,Lake Margaret,Engineering,Technical Lead
1291,Rebecca Pham,2015-10-23,108879,South Valerieview,Engineering,QA Engineer
1292,Mario Jensen,2017-09-04,73391,Pageshire,Engineering,Software Engineer
1293,Christopher Contreras,2017-07-26,87225,West Makayla,Marketing,Marketing Manager
1294,Joseph Hinton,2019-10-16,117079,North Erin,Marketing,Marketing Manager
1295,Nancy Hardin,2017-07-18,99107,Parrishburgh,Operations,Operations Manager
1296,Kathryn Hunt,2020-11-07,55009,West Victoriastad,HR,HR Specialist
1297,Sara Roberts,2019-07-06,59164,Port Andrewfurt,Marketing,Content Creator
1298,Sherri Pope,2019-04-22,52300,North Anthonyland,IT,System Admin
1299,Craig White,2024-10-30,115816,Timothyberg,HR,Recruiter
1300,Cory White,2016-09-05,63927,Port Amytown,Support,Customer Service Rep
1301,Dillon White,2024-03-04,77485,South Michaelhaven,IT,Network Engineer
1302,Shelby Dennis,2019-10-24,51085,North Marystad,Operations,Project Coordinator
1303,Kimberly Perry,2017-09-26,77260,Lake Christopher,Support,Customer Service Rep
1304,Alexander Roberts,2018-01-30,107331,Mooreton,Marketing,Marketing Manager
1305,Stephanie Becker,2016-01-02,50819,South Maureen,Engineering,Technical Lead
1306,James Patel,2024-10-29,116385,Dayburgh,Sales,Sales Executive
1307,Kristin Howell,2021-01-29,90983,West Harold,Sales,Sales Manager
1308,Kevin Williams,2017-08-06,109699,Bestfort,Engineering,QA Engineer
1309,Katie Hopkins,2016-04-01,116578,North Justinside,IT,System Admin
1310,Rachel Smith,2018-10-16,110805,Wangburgh,HR,HR Specialist
1311,Andrew Payne,2021-02-20,114611,Codyland,Operations,Project Coordinator
1312,Michael Leach,2016-06-24,101088,South Jodiberg,Marketing,Marketing Manager
1313,Tricia Stewart,2023-09-09,92315,North Michael,Engineering,Technical Lead
1314,James Peterson,2022-05-16,81321,Joshuaton,Design,UX Designer
1315,Carla Johnson,2023-01-03,89273,Heathermouth,Finance,Financial Analyst
1316,Amanda Nichols,2023-05-02,106931,New Heidi,Marketing,Marketing Manager
1317,Jennifer Simpson,2021-04-29,62334,West Robert,Finance,Accountant
1318,John Montes,2024-03-15,107332,Vanessaland,Legal,Compliance Officer
1319,Kimberly Flynn,2018-07-27,106364,Port Greggbury,Operations,Operations Manager
1320,Kim Bowers,2020-03-27,86398,Nicholsstad,Legal,Compliance Officer
1321,Cynthia Rogers,2020-01-31,116827,East Alexismouth,Finance,Accountant
1322,William Rogers,2023-01-04,119721,Pageview,Support,Customer Service Rep
1323,Joseph Davis,2023-10-14,104891,Lawrenceland,IT,Network Engineer
1324,Laura Barry,2025-03-12,90667,South Matthew,Finance,Financial Analyst
1325,Mr. Juan Walker,2016-05-24,65765,Charlesside,Support,Customer Service Rep
1326,Natalie Dixon,2023-03-21,73693,East Kellyville,Finance,Financial Analyst
1327,Roberto Carrillo,2019-04-14,90187,Lake Nathaniel,IT,Network Engineer
1328,Kathy Wong,2016-09-11,53846,Samanthamouth,HR,HR Specialist
1329,Rebecca Stevenson,2020-10-03,62155,Lake Peggy,Operations,Operations Manager
1330,Michael Gentry,2015-10-29,50260,New Tinaview,Sales,Sales Manager
1331,Robert Smith,2020-11-30,55396,Bullockborough,Operations,Project Coordinator
1332,Heather Garner,2016-12-20,51370,East John,Engineering,Software Engineer
1333,Megan Tucker,2020-06-18,60401,New Richard,IT,Network Engineer
1334,Kevin Perkins,2022-01-30,51232,West Amber,Design,UX Designer
1335,Albert Berry,2023-03-12,87559,Barnettchester,Operations,Project Coordinator
1336,Kayla Harris,2018-02-20,95748,Walkershire,Design,UX Designer
1337,Nicolas Cooper,2018-10-28,99343,Port Stephanieville,Finance,Financial Analyst
1338,April Brooks,2024-06-06,89799,Yvonnefort,HR,HR Specialist
1339,Andrew Parks,2017-09-09,95987,Holtport,Engineering,Technical Lead
1340,Kristen Kidd,2017-07-01,51183,North Rachel,Sales,Sales Executive
1341,Mrs. Tina Adams,2018-06-20,51476,Alexandraville,Legal,Legal Advisor
1342,Aaron Garcia,2023-10-11,80233,Powellton,Engineering,QA Engineer
1343,Joel Manning,2015-12-27,72397,Coreychester,Operations,Project Coordinator
1344,Shawn Brown,2017-08-26,107023,Donnafurt,Operations,Operations Manager
1345,Michele Allen,2020-01-28,103945,Myersbury,IT,System Admin
1346,Martin Wright,2016-12-17,56013,North Sandraberg,Marketing,SEO Specialist
1347,Eric Shaw,2016-07-05,64908,East Kristen,Engineering,DevOps Engineer
1348,Michele Robbins,2022-02-27,71224,Jefferystad,Design,UX Designer
1349,Johnny Stanley,2024-06-18,61918,West Brenda,Legal,Legal Advisor
1350,Paul Leach,2024-09-05,77518,West Paul,HR,HR Specialist
1351,Jordan Colon,2017-08-29,103784,Kristinville,Legal,Legal Advisor
1352,Amanda Dean,2017-05-20,79893,Nancyberg,Design,Graphic Designer
1353,Amy Howard,2019-06-12,111761,Lambertmouth,HR,HR Specialist
1354,Mark Aguilar,2018-05-30,77660,South Mia,Design,Graphic Designer
1355,Timothy Thompson,2016-05-03,111984,Port Kellytown,IT,System Admin
1356,Jeffery Moore,2016-10-26,74118,Lake Charlotteburgh,Legal,Compliance Officer
1357,Edward Dawson,2020-04-28,109328,Anthonytown,Design,Graphic Designer
1358,Victoria Stout,2023-03-08,83163,Lake Andreamouth,IT,System Admin
1359,Holly Williams,2017-03-05,96839,East Jacob,Marketing,Content Creator
1360,Thomas Price,2017-10-19,102178,North Lisachester,Marketing,SEO Specialist
1361,Sherri Riley,2015-06-02,63317,Malonemouth,IT,System Admin
1362,Mrs. Alice Hopkins,2021-05-22,58348,Danieltown,HR,HR Specialist
1363,Valerie Wallace,2015-05-10,108885,Port Robertport,Sales,Sales Executive
1364,Danielle Davis,2019-12-29,99252,New Craig,Engineering,QA Engineer
1365,Samuel Clark,2016-12-25,89381,East Samantha,Sales,Sales Manager
1366,Jason Rogers,2020-12-02,56936,Port Amberborough,Operations,Project Coordinator
1367,John Combs,2017-12-28,94004,Lake Georgeside,Legal,Compliance Officer
1368,Nicole Ramirez,2023-11-01,78582,Schneiderburgh,Marketing,Marketing Manager
1369,Shelly Maldonado,2022-03-02,68645,Port Cherylborough,Sales,Sales Executive
1370,Vincent Mathis,2019-11-27,84665,Chaneymouth,IT,System Admin
1371,Maureen Bowman,2022-03-11,116378,West Emilyville,Finance,Accountant
1372,Amber Taylor,2020-08-23,62648,West Russellborough,Operations,Operations Manager
1373,David Luna,2022-07-27,117639,Lake Vincent,Operations,Project Coordinator
1374,Jacob Meyers,2023-01-12,91131,Johnsonfort,Legal,Legal Advisor
1375,Jennifer Phillips,2017-01-12,116894,South Amanda,Marketing,Content Creator
1376,Casey Pugh,2022-03-07,88990,North John,Support,Customer Service Rep
1377,Dawn Evans,2016-02-07,52565,New Monica,Operations,Project Coordinator
1378,Charles Cunningham,2015-05-02,65669,Port Joseborough,Support,Customer Service Rep
1379,Glen Meza,2017-07-09,117074,Courtneystad,Finance,Financial Analyst
1380,Barbara Wiley,2019-03-15,75051,Port Cathy,HR,HR Specialist
1381,Sandra Pace,2016-01-27,108166,Smithshire,Operations,Project Coordinator
1382,Gabriel Nielsen,2018-11-20,60365,East Jamesstad,IT,System Admin
1383,Matthew James,2018-11-13,88524,West Scott,Legal,Compliance Officer
1384,Rebekah Davis,2022-06-15,99942,New Elizabeth,Operations,Project Coordinator
1385,Patricia Brown,2021-03-09,75401,Bradleychester,Marketing,Content Creator
1386,Eric Carter,2025-02-06,91235,New Kevin,Operations,Operations Manager
1387,Julie Davis,2024-01-10,80549,Gregoryside,Engineering,Software Engineer
1388,Matthew Durham,2016-05-02,59604,Ryanshire,Support,Support Analyst
1389,Thomas Cole,2020-11-11,102370,New James,Operations,Operations Manager
1390,Jackie Wheeler,2024-05-31,76131,Cindymouth,IT,System Admin
1391,Vanessa Grant,2022-11-05,79211,Duncanfort,Design,Graphic Designer
1392,Lisa Shelton,2024-06-06,118245,North Derekchester,Sales,Sales Manager
1393,Mikayla Harris,2017-11-08,94886,Lake Jessica,HR,Recruiter
1394,Helen Cox,2022-12-26,99348,Rhodesshire,Design,UX Designer
1395,Eric Turner,2022-11-12,76157,Lake Robert,Operations,Operations Manager
1396,Martin Hayes,2021-05-27,81196,Daleport,Finance,Financial Analyst
1397,Sara Anderson,2016-11-03,51467,Williamsmouth,HR,Recruiter
1398,Catherine Larson,2022-05-25,91172,Port Antonio,Sales,Sales Executive
1399,Paul Cannon,2018-12-31,97728,West Karen,Operations,Project Coordinator
1400,Shannon Meyer,2016-03-13,59601,Sotomouth,Marketing,Content Creator
1401,Elizabeth Harmon,2023-03-28,109375,Andersonhaven,Engineering,Technical Lead
1402,Carol Hamilton,2016-12-23,98572,Starkmouth,Engineering,Software Engineer
1403,Patricia Paul,2015-09-23,62468,Melissaberg,IT,Network Engineer
1404,Eric Novak,2022-02-13,117021,South Jonathanchester,HR,HR Specialist
1405,Thomas Ford,2015-09-27,119456,Port Tammy,Engineering,Software Engineer
1406,Emily Kelley,2022-09-03,102886,Jimenezberg,Operations,Project Coordinator
1407,Lauren Cooper,2016-07-13,50373,Lake Thomas,Legal,Legal Advisor
1408,Mrs. Mary Fowler,2020-07-07,81557,Lake Andreafort,HR,HR Specialist
1409,Robert Smith,2024-09-18,115566,Cabrerabury,HR,Recruiter
1410,Joshua Black,2024-08-08,106474,Luismouth,Support,Customer Service Rep
1411,Deanna Vaughn,2017-10-08,80026,Turnermouth,Sales,Sales Executive
1412,Michael Kaiser,2015-10-23,101940,South Christopherland,Finance,Accountant
1413,Amy Jackson,2023-02-20,62533,Lake Jason,Design,Graphic Designer
1414,Tammy Burgess,2025-01-13,89703,New Kimberlyhaven,IT,Network Engineer
1415,Olivia Greer,2020-08-29,91791,Lake Melissaburgh,Operations,Project Coordinator
1416,Michael Jones,2020-06-03,86687,Valdezside,Engineering,DevOps Engineer
1417,Michael Tucker,2019-02-06,109438,Lake Ericport,Design,UX Designer
1418,Shelby Franklin,2020-03-01,51675,Kimberlyhaven,Marketing,Marketing Manager
1419,Miguel Wilson,2018-05-31,86493,East Jacobbury,HR,Recruiter
1420,Ronald Burton,2018-08-21,64457,Port Sarahbury,Legal,Compliance Officer
1421,Tara Marshall,2018-01-27,80803,New Erin,Legal,Compliance Officer
1422,Joel Rivera,2017-04-11,97714,Samuelhaven,Legal,Legal Advisor
1423,Charles Cook,2022-05-07,75316,New Justintown,Sales,Sales Manager
1424,Teresa James,2021-11-12,62036,Ashleefort,Finance,Financial Analyst
1425,Raymond Scott,2017-10-05,69980,Nunezmouth,Engineering,DevOps Engineer
1426,Lori Wilkins,2015-08-29,116598,South Sharon,Marketing,Content Creator
1427,Julian Steele,2017-05-26,83721,Brendamouth,Legal,Legal Advisor
1428,Michael Bennett,2018-12-26,60020,Port Frankbury,IT,Network Engineer
1429,Erica Barnes,2020-03-25,115338,Samanthafurt,Finance,Financial Analyst
1430,Robert Green,2021-08-18,111043,Marcusshire,HR,Recruiter
1431,Alan Dillon,2017-03-18,87810,Jonesside,Support,Customer Service Rep
1432,Danny Sharp,2022-01-10,90249,South Mark,HR,HR Specialist
1433,Matthew Jones,2015-08-02,105315,Soniaview,HR,HR Specialist
1434,Judith Holt,2023-11-10,63906,North Albert,IT,System Admin
1435,Kristin George,2023-07-26,74742,Perrytown,Marketing,SEO Specialist
1436,Christopher Ward,2017-06-13,102346,Patelbury,Legal,Legal Advisor
1437,Nicole Soto,2022-08-08,69371,Carrshire,Engineering,DevOps Engineer
1438,Robert Smith,2015-12-31,56203,Figueroahaven,Support,Support Analyst
1439,Amanda Petersen,2020-08-02,93327,Downsport,HR,HR Specialist
1440,Ashley Carlson,2016-10-21,76742,Gonzaleschester,Design,UX Designer
1441,Diana Jones,2023-07-04,80980,Lake Lindsey,Design,Graphic Designer
1442,Frank Sweeney,2024-06-02,92325,South Miguelfort,IT,Network Engineer
1443,Jorge Thomas,2023-05-19,66827,Pricestad,Legal,Legal Advisor
1444,Jessica Ortega,2023-01-27,72237,Johnsonchester,Engineering,DevOps Engineer
1445,Amanda Reyes,2019-06-19,83354,Youngberg,Operations,Operations Manager
1446,Kayla Gray,2022-11-04,76724,New Travis,Sales,Sales Manager
1447,Dr. Deborah Williams MD,2015-08-25,104672,North Ann,Legal,Compliance Officer
1448,Jamie Johnson,2018-02-04,97086,East Anthonyburgh,Operations,Operations Manager
1449,Nicholas Roberts,2022-04-26,116101,Thomasmouth,Design,Graphic Designer
1450,William Williams,2018-10-08,68187,South Jeff,Marketing,Content Creator
1451,Kathleen Green,2020-02-24,107843,Johnsonstad,Engineering,Software Engineer
1452,Shannon Brown,2021-01-21,111192,Anthonyhaven,Legal,Compliance Officer
1453,David Collins,2018-12-09,79575,South Johnmouth,Support,Support Analyst
1454,Johnny Nelson,2020-07-10,52645,Pricefurt,Finance,Accountant
1455,Teresa Robertson,2022-07-30,80911,New Carolineside,Operations,Operations Manager
1456,Tonya Shea,2018-05-22,95733,Timothyport,Engineering,Software Engineer
1457,Isabella Fernandez,2021-09-08,50203,New Adriana,Support,Support Analyst
1458,Christopher Dunn,2024-09-16,56625,Lake Deniseport,Finance,Accountant
1459,Ryan Bowers,2016-05-10,88156,Danielport,Support,Customer Service Rep
1460,Dana Herrera,2015-06-29,54840,Davisshire,Operations,Operations Manager
1461,Vanessa Gonzalez,2024-10-01,91702,South Garrett,Engineering,QA Engineer
1462,Rebecca Pham,2019-11-29,91036,North Johnview,IT,Network Engineer
1463,Heather Shah,2015-05-12,99479,Sarahmouth,Engineering,Technical Lead
1464,Mrs. Jennifer Anderson,2022-11-20,77496,Diazport,Operations,Project Coordinator
1465,Emma Young,2021-09-06,70741,North Isaiahhaven,Support,Customer Service Rep
1466,Mary Sims,2023-07-09,62746,Millermouth,Operations,Operations Manager
1467,Steven Brown,2019-08-25,102663,Griffinchester,Engineering,DevOps Engineer
1468,Nicholas Lucas,2017-05-05,73862,Lawrencetown,HR,Recruiter
1469,Michael Moore,2015-10-10,64692,Danielview,HR,Recruiter
1470,Nicholas Harris,2018-04-30,69246,New Joshua,Operations,Project Coordinator
1471,Rodney Chapman,2018-05-08,72799,East Jacob,Marketing,Content Creator
1472,Antonio Anderson,2025-04-03,62663,East Mary,HR,Recruiter
1473,Misty Kirby,2015-10-28,109338,Jamesshire,IT,System Admin
1474,Jesus Grant,2017-11-10,110146,Port Jordan,HR,Recruiter
1475,Bobby Rosario,2019-04-05,85733,Hamiltonfurt,Design,Graphic Designer
1476,Susan Greene,2015-05-20,56033,North Tylerview,Sales,Sales Manager
1477,Suzanne Davis,2022-10-25,105414,Port Jennifer,Operations,Project Coordinator
1478,Makayla Parker,2022-12-26,64699,Cindystad,Marketing,Marketing Manager
1479,Christina Taylor,2017-06-27,113611,North Kevin,HR,HR Specialist
1480,Kelsey Bell,2022-12-03,119585,New Jeffrey,Sales,Sales Manager
1481,Terry Vazquez,2019-06-03,81366,Lake Nicoletown,Marketing,Marketing Manager
1482,Thomas Rivera,2018-09-25,55868,Beverlymouth,IT,Network Engineer
1483,Danielle Moreno,2016-05-28,79309,Danaburgh,Finance,Financial Analyst
1484,Charles Green,2024-12-15,60080,West Monicafort,Sales,Sales Executive
1485,Kyle Hill,2017-11-01,96973,North David,IT,System Admin
1486,Cathy Castro,2023-11-11,65006,East Jasonhaven,Operations,Project Coordinator
1487,Sandra Turner,2021-11-05,65646,Salinasburgh,Marketing,Content Creator
1488,Nichole Clay,2016-08-26,64171,East Austin,Operations,Operations Manager
1489,Samantha Berg,2015-09-13,81354,New James,HR,Recruiter
1490,Stephanie Brooks,2019-06-09,71554,West Michael,Engineering,Technical Lead
1491,Donna Carrillo,2020-04-08,53983,Sandrahaven,Finance,Financial Analyst
1492,Jeremy Patterson,2016-01-07,91409,West Dianahaven,IT,System Admin
1493,Christina Brown,2021-09-30,59188,Millerport,Engineering,Software Engineer
1494,Stephanie Leonard,2023-06-26,88653,Gabrielleview,Legal,Compliance Officer
1495,Aaron Baker,2017-10-02,96571,Foxberg,Marketing,Marketing Manager
1496,Natalie Scott,2019-07-16,85604,Elizabethfort,Support,Support Analyst
1497,Kevin Lucas,2015-11-14,112222,Gregorymouth,Engineering,Software Engineer
1498,Tommy Fernandez,2018-02-05,94604,Hernandeztown,HR,HR Specialist
1499,Alan Hardy,2015-09-18,60068,Melissaland,Marketing,Content Creator
1500,James Shea,2024-01-04,106627,Nicholasville,Marketing,SEO Specialist
